BillNo,lineno,Item_var_id,Title,Price,Lang,Weight,Qty,Tax,Disc,billdate,finaltotal,billtype,reference,first_name,last_name,add1,add2,add3,city,state,pin,country_code,address_for_label,carrier,pkg_regno,phone,email
403956,5,10322,AUROVILLE HANDBOOK THE,230,ENG,335,1,0,0,25-07-2023 08:29,315,Cash Memo,AMAZON Order ID: 403-8577987-8194754,ROHAN,KULKARNI,"Gat No 160, Kulkarni Clinic",Near Laykar Cinema,,ICHALKARANJI,Maharashtra,416115,IND,"UNIQUE AUTO ASSEMBLIES
ICHALKARANJI PRIVATE LIMITED 
    - PO12, 
ROHAN KULKARNI
Gat No 160, Kulkarni Clinic,
Near Laykar Cinema,
ICHALKARANJI 416115, Maharashtra",AMAZON,1 PKT.#,,
403957,7,11022,LETTERS ON YOGA 1 (SC),320,ENG,790,1,0,0,25-07-2023 08:32,1175,Cash Memo,AMAZON Order ID: 408-0824984-6339561,ADV PRIYA SIDHARTH,SETHI,H 60 Jal Vayu Vihar,Sector 25,,NOIDA,Uttar Pradesh,201301,IND,"ADV PRIYA SIDHARTH SETHI
H 60 Jal Vayu Vihar
Sector 25
NOIDA 201301
Uttar Pradesh",AMAZON,1 PKT.#,,
403957,8,11000,LETTERS ON YOGA 2 (SC),290,ENG,720,1,0,0,25-07-2023 08:32,1175,Cash Memo,AMAZON Order ID: 408-0824984-6339561,ADV PRIYA SIDHARTH,SETHI,H 60 Jal Vayu Vihar,Sector 25,,NOIDA,Uttar Pradesh,201301,IND,"ADV PRIYA SIDHARTH SETHI
H 60 Jal Vayu Vihar
Sector 25
NOIDA 201301
Uttar Pradesh",AMAZON,1 PKT.#,,
403957,9,10781,LETTERS ON YOGA 4 (SC),420,ENG,1105,1,0,0,25-07-2023 08:32,1175,Cash Memo,AMAZON Order ID: 408-0824984-6339561,ADV PRIYA SIDHARTH,SETHI,H 60 Jal Vayu Vihar,Sector 25,,NOIDA,Uttar Pradesh,201301,IND,"ADV PRIYA SIDHARTH SETHI
H 60 Jal Vayu Vihar
Sector 25
NOIDA 201301
Uttar Pradesh",AMAZON,1 PKT.#,,
403958,5,8419,CHANDOVALLARI,125,SAN,250,1,0,0,25-07-2023 08:36,200,Cash Memo,AMAZON Order ID: 405-1800816-0377950,V.V.S.N.B.,SOMAYAJI,Plot No. 115,"JAYA NAGAR, NEW BOWENPALLY",,SECUNDERABAD,Telangana,500011,IND,"V.V.S.N.B. SOMAYAJI
Plot No. 115
JAYA NAGAR, NEW BOWENPALLY
SECUNDERABAD 500011
Telangana",AMAZON,1 PKT.#,,
403959,4,9830,GITA-PRABANDH,250,HIN,775,1,0,0,25-07-2023 08:45,411,Cash Memo,SABDA Web Order 30724172613 dated 24 Jul 2023,ROHIT,JOSHI,B501 PINNAC GANGOTRI,Nagras Road,Aundh,PUNE,Maharashtra,411007,IND,"ROHIT JOSHI
B501 PINNAC GANGOTRI
Nagras Road
Aundh
PUNE 411007
Maharashtra",REGISTERED POST,,9527093261,rohit_k_joshi@yahoo.com
403959,5,10653,KALIDASA,90,HIN,120,1,0,0,25-07-2023 08:45,411,Cash Memo,SABDA Web Order 30724172613 dated 24 Jul 2023,ROHIT,JOSHI,B501 PINNAC GANGOTRI,Nagras Road,Aundh,PUNE,Maharashtra,411007,IND,"ROHIT JOSHI
B501 PINNAC GANGOTRI
Nagras Road
Aundh
PUNE 411007
Maharashtra",REGISTERED POST,,9527093261,rohit_k_joshi@yahoo.com
403959,6,0,POSTAGE AND FORWARDING (REGISTERED POST),71,,0,1,0,0,25-07-2023 08:45,411,Cash Memo,SABDA Web Order 30724172613 dated 24 Jul 2023,ROHIT,JOSHI,B501 PINNAC GANGOTRI,Nagras Road,Aundh,PUNE,Maharashtra,411007,IND,"ROHIT JOSHI
B501 PINNAC GANGOTRI
Nagras Road
Aundh
PUNE 411007
Maharashtra",REGISTERED POST,,9527093261,rohit_k_joshi@yahoo.com
